attraction,wait,time
Hollywood Rip Ride Rockit,15,09:15:00
Hollywood Rip Ride Rockit,15,09:20:00
Hollywood Rip Ride Rockit,15,09:25:00
Hollywood Rip Ride Rockit,15,09:30:00
Hollywood Rip Ride Rockit,15,09:35:00
Hollywood Rip Ride Rockit,15,09:40:00
Hollywood Rip Ride Rockit,10,09:45:00
Hollywood Rip Ride Rockit,10,09:50:00
Hollywood Rip Ride Rockit,10,09:55:00
Hollywood Rip Ride Rockit,10,10:00:00
Hollywood Rip Ride Rockit,10,10:05:00
Hollywood Rip Ride Rockit,10,10:10:00
Hollywood Rip Ride Rockit,10,10:15:00
Hollywood Rip Ride Rockit,10,10:20:00
Hollywood Rip Ride Rockit,10,10:25:00
Hollywood Rip Ride Rockit,10,10:30:00
Hollywood Rip Ride Rockit,15,10:35:00
Hollywood Rip Ride Rockit,15,10:40:00
Hollywood Rip Ride Rockit,25,10:45:00
Hollywood Rip Ride Rockit,25,10:50:00
Hollywood Rip Ride Rockit,40,10:55:00
Hollywood Rip Ride Rockit,40,11:00:00
Hollywood Rip Ride Rockit,40,11:05:00
Hollywood Rip Ride Rockit,40,11:10:00
Hollywood Rip Ride Rockit,40,11:15:00
Hollywood Rip Ride Rockit,40,11:20:00
Hollywood Rip Ride Rockit,25,11:25:00
Hollywood Rip Ride Rockit,25,11:30:00
Hollywood Rip Ride Rockit,25,11:35:00
Hollywood Rip Ride Rockit,40,11:40:00
Hollywood Rip Ride Rockit,40,11:45:00
Hollywood Rip Ride Rockit,60,11:50:00
Hollywood Rip Ride Rockit,60,11:55:00
Hollywood Rip Ride Rockit,75,12:00:00
Hollywood Rip Ride Rockit,75,12:05:00
Hollywood Rip Ride Rockit,60,12:10:00
Hollywood Rip Ride Rockit,60,12:15:00
Hollywood Rip Ride Rockit,35,12:20:00
Hollywood Rip Ride Rockit,35,12:25:00
Hollywood Rip Ride Rockit,35,12:30:00
Hollywood Rip Ride Rockit,35,12:35:00
Hollywood Rip Ride Rockit,35,12:40:00
Hollywood Rip Ride Rockit,35,12:45:00
Hollywood Rip Ride Rockit,35,12:50:00
Hollywood Rip Ride Rockit,35,12:55:00
Hollywood Rip Ride Rockit,35,13:00:00
Hollywood Rip Ride Rockit,35,13:05:00
Hollywood Rip Ride Rockit,35,13:10:00
Hollywood Rip Ride Rockit,35,13:15:00
Hollywood Rip Ride Rockit,35,13:20:00
Hollywood Rip Ride Rockit,20,13:25:00
Hollywood Rip Ride Rockit,20,13:30:00
Hollywood Rip Ride Rockit,20,13:35:00
Hollywood Rip Ride Rockit,20,13:40:00
Hollywood Rip Ride Rockit,20,13:45:00
Hollywood Rip Ride Rockit,20,13:50:00
Hollywood Rip Ride Rockit,20,13:55:00
Hollywood Rip Ride Rockit,20,14:00:00
Hollywood Rip Ride Rockit,20,14:05:00
Hollywood Rip Ride Rockit,20,14:10:00
Hollywood Rip Ride Rockit,15,14:15:00
Hollywood Rip Ride Rockit,15,14:20:00
Hollywood Rip Ride Rockit,25,14:25:00
Hollywood Rip Ride Rockit,25,14:30:00
Hollywood Rip Ride Rockit,25,14:35:00
Hollywood Rip Ride Rockit,25,14:40:00
Hollywood Rip Ride Rockit,35,14:45:00
Hollywood Rip Ride Rockit,35,14:50:00
Hollywood Rip Ride Rockit,35,14:55:00
Hollywood Rip Ride Rockit,35,15:00:00
Hollywood Rip Ride Rockit,35,15:05:00
Hollywood Rip Ride Rockit,35,15:10:00
Hollywood Rip Ride Rockit,35,15:15:00
Hollywood Rip Ride Rockit,35,15:20:00
Hollywood Rip Ride Rockit,35,15:25:00
Hollywood Rip Ride Rockit,15,15:30:00
Hollywood Rip Ride Rockit,15,15:35:00
Hollywood Rip Ride Rockit,15,15:40:00
Hollywood Rip Ride Rockit,15,15:45:00
Hollywood Rip Ride Rockit,15,15:50:00
Hollywood Rip Ride Rockit,25,15:55:00
Hollywood Rip Ride Rockit,25,16:00:00
Hollywood Rip Ride Rockit,25,16:05:00
Hollywood Rip Ride Rockit,25,16:10:00
Hollywood Rip Ride Rockit,25,16:15:00
Hollywood Rip Ride Rockit,25,16:20:00
Hollywood Rip Ride Rockit,25,16:25:00
Hollywood Rip Ride Rockit,25,16:30:00
Hollywood Rip Ride Rockit,25,16:35:00
Hollywood Rip Ride Rockit,25,16:40:00
Hollywood Rip Ride Rockit,25,16:45:00
Hollywood Rip Ride Rockit,15,16:50:00
Hollywood Rip Ride Rockit,15,16:55:00
Hollywood Rip Ride Rockit,15,17:00:00
Hollywood Rip Ride Rockit,15,17:05:00
Hollywood Rip Ride Rockit,15,17:10:00
Hollywood Rip Ride Rockit,15,17:15:00
Hollywood Rip Ride Rockit,25,17:20:00
Hollywood Rip Ride Rockit,25,17:25:00
Hollywood Rip Ride Rockit,25,17:30:00
Hollywood Rip Ride Rockit,25,17:35:00
Hollywood Rip Ride Rockit,25,17:40:00
Hollywood Rip Ride Rockit,25,17:45:00
Hollywood Rip Ride Rockit,25,17:50:00
Hollywood Rip Ride Rockit,25,17:55:00
Hollywood Rip Ride Rockit,25,18:00:00
Hollywood Rip Ride Rockit,25,18:05:00
Hollywood Rip Ride Rockit,25,18:10:00
Hollywood Rip Ride Rockit,25,18:15:00
Hollywood Rip Ride Rockit,25,18:20:00
Hollywood Rip Ride Rockit,25,18:25:00
Hollywood Rip Ride Rockit,25,18:30:00
Hollywood Rip Ride Rockit,25,18:35:00
Hollywood Rip Ride Rockit,25,18:40:00
Hollywood Rip Ride Rockit,25,18:45:00
Hollywood Rip Ride Rockit,25,18:50:00
Hollywood Rip Ride Rockit,25,18:55:00
Hollywood Rip Ride Rockit,25,19:00:00
Hollywood Rip Ride Rockit,25,19:05:00
Hollywood Rip Ride Rockit,25,19:10:00
Hollywood Rip Ride Rockit,25,19:15:00
Hollywood Rip Ride Rockit,10,19:20:00
Hollywood Rip Ride Rockit,10,19:25:00
Hollywood Rip Ride Rockit,10,19:30:00
Hollywood Rip Ride Rockit,10,19:35:00
Hollywood Rip Ride Rockit,10,19:40:00
Hollywood Rip Ride Rockit,10,19:45:00
Hollywood Rip Ride Rockit,25,19:50:00
Hollywood Rip Ride Rockit,25,19:55:00
Hollywood Rip Ride Rockit,25,20:00:00
Hollywood Rip Ride Rockit,15,20:05:00
Hollywood Rip Ride Rockit,15,20:10:00
Hollywood Rip Ride Rockit,15,20:15:00
Hollywood Rip Ride Rockit,15,20:20:00
Hollywood Rip Ride Rockit,15,20:25:00
Hollywood Rip Ride Rockit,25,20:30:00
Hollywood Rip Ride Rockit,35,20:35:00
Hollywood Rip Ride Rockit,35,20:40:00
Hollywood Rip Ride Rockit,35,20:45:00
Hollywood Rip Ride Rockit,35,20:50:00
Hollywood Rip Ride Rockit,35,20:55:00
Race Through New York Starring Jimmy Fallon,10,09:05:00
Race Through New York Starring Jimmy Fallon,10,09:10:00
Race Through New York Starring Jimmy Fallon,10,09:15:00
Race Through New York Starring Jimmy Fallon,10,09:20:00
Race Through New York Starring Jimmy Fallon,10,09:25:00
Race Through New York Starring Jimmy Fallon,10,09:30:00
Race Through New York Starring Jimmy Fallon,10,09:35:00
Race Through New York Starring Jimmy Fallon,10,09:40:00
Race Through New York Starring Jimmy Fallon,15,09:45:00
Race Through New York Starring Jimmy Fallon,25,09:50:00
Race Through New York Starring Jimmy Fallon,25,09:55:00
Race Through New York Starring Jimmy Fallon,30,10:00:00
Race Through New York Starring Jimmy Fallon,30,10:05:00
Race Through New York Starring Jimmy Fallon,30,10:10:00
Race Through New York Starring Jimmy Fallon,35,10:15:00
Race Through New York Starring Jimmy Fallon,40,10:20:00
Race Through New York Starring Jimmy Fallon,25,10:25:00
Race Through New York Starring Jimmy Fallon,45,10:30:00
Race Through New York Starring Jimmy Fallon,50,10:35:00
Race Through New York Starring Jimmy Fallon,35,10:40:00
Race Through New York Starring Jimmy Fallon,35,10:45:00
Race Through New York Starring Jimmy Fallon,35,10:50:00
Race Through New York Starring Jimmy Fallon,35,10:55:00
Race Through New York Starring Jimmy Fallon,35,11:00:00
Race Through New York Starring Jimmy Fallon,35,11:05:00
Race Through New York Starring Jimmy Fallon,25,11:10:00
Race Through New York Starring Jimmy Fallon,20,11:15:00
Race Through New York Starring Jimmy Fallon,15,11:20:00
Race Through New York Starring Jimmy Fallon,15,11:25:00
Race Through New York Starring Jimmy Fallon,15,11:30:00
Race Through New York Starring Jimmy Fallon,15,11:35:00
Race Through New York Starring Jimmy Fallon,25,11:40:00
Race Through New York Starring Jimmy Fallon,35,11:45:00
Race Through New York Starring Jimmy Fallon,35,11:50:00
Race Through New York Starring Jimmy Fallon,35,11:55:00
Race Through New York Starring Jimmy Fallon,35,12:00:00
Race Through New York Starring Jimmy Fallon,35,12:05:00
Race Through New York Starring Jimmy Fallon,35,12:10:00
Race Through New York Starring Jimmy Fallon,35,12:15:00
Race Through New York Starring Jimmy Fallon,35,12:20:00
Race Through New York Starring Jimmy Fallon,35,12:25:00
Race Through New York Starring Jimmy Fallon,45,12:30:00
Race Through New York Starring Jimmy Fallon,45,12:35:00
Race Through New York Starring Jimmy Fallon,45,12:40:00
Race Through New York Starring Jimmy Fallon,45,12:45:00
Race Through New York Starring Jimmy Fallon,45,12:50:00
Race Through New York Starring Jimmy Fallon,45,12:55:00
Race Through New York Starring Jimmy Fallon,45,13:00:00
Race Through New York Starring Jimmy Fallon,45,13:05:00
Race Through New York Starring Jimmy Fallon,45,13:10:00
Race Through New York Starring Jimmy Fallon,45,13:15:00
Race Through New York Starring Jimmy Fallon,25,13:20:00
Race Through New York Starring Jimmy Fallon,25,13:25:00
Race Through New York Starring Jimmy Fallon,25,13:30:00
Race Through New York Starring Jimmy Fallon,25,13:35:00
Race Through New York Starring Jimmy Fallon,25,13:40:00
Race Through New York Starring Jimmy Fallon,25,13:45:00
Race Through New York Starring Jimmy Fallon,25,13:50:00
Race Through New York Starring Jimmy Fallon,25,13:55:00
Race Through New York Starring Jimmy Fallon,25,14:00:00
Race Through New York Starring Jimmy Fallon,25,14:05:00
Race Through New York Starring Jimmy Fallon,25,14:10:00
Race Through New York Starring Jimmy Fallon,35,14:15:00
Race Through New York Starring Jimmy Fallon,35,14:20:00
Race Through New York Starring Jimmy Fallon,35,14:25:00
Race Through New York Starring Jimmy Fallon,35,14:30:00
Race Through New York Starring Jimmy Fallon,35,14:35:00
Race Through New York Starring Jimmy Fallon,35,14:40:00
Race Through New York Starring Jimmy Fallon,35,14:45:00
Race Through New York Starring Jimmy Fallon,35,14:50:00
Race Through New York Starring Jimmy Fallon,35,14:55:00
Race Through New York Starring Jimmy Fallon,25,15:00:00
Race Through New York Starring Jimmy Fallon,25,15:05:00
Race Through New York Starring Jimmy Fallon,25,15:10:00
Race Through New York Starring Jimmy Fallon,25,15:15:00
Race Through New York Starring Jimmy Fallon,25,15:20:00
Race Through New York Starring Jimmy Fallon,35,15:25:00
Race Through New York Starring Jimmy Fallon,35,15:30:00
Race Through New York Starring Jimmy Fallon,35,15:35:00
Race Through New York Starring Jimmy Fallon,35,15:40:00
Race Through New York Starring Jimmy Fallon,35,15:45:00
Race Through New York Starring Jimmy Fallon,25,15:50:00
Race Through New York Starring Jimmy Fallon,25,15:55:00
Race Through New York Starring Jimmy Fallon,25,16:00:00
Race Through New York Starring Jimmy Fallon,20,16:05:00
Race Through New York Starring Jimmy Fallon,20,16:10:00
Race Through New York Starring Jimmy Fallon,15,16:15:00
Race Through New York Starring Jimmy Fallon,15,16:20:00
Race Through New York Starring Jimmy Fallon,10,16:25:00
Race Through New York Starring Jimmy Fallon,10,16:30:00
Race Through New York Starring Jimmy Fallon,10,16:35:00
Race Through New York Starring Jimmy Fallon,10,16:40:00
Race Through New York Starring Jimmy Fallon,10,16:45:00
Race Through New York Starring Jimmy Fallon,10,16:50:00
Race Through New York Starring Jimmy Fallon,25,16:55:00
Race Through New York Starring Jimmy Fallon,25,17:00:00
Race Through New York Starring Jimmy Fallon,25,17:05:00
Race Through New York Starring Jimmy Fallon,25,17:10:00
Race Through New York Starring Jimmy Fallon,25,17:15:00
Race Through New York Starring Jimmy Fallon,35,17:20:00
Race Through New York Starring Jimmy Fallon,35,17:25:00
Race Through New York Starring Jimmy Fallon,35,17:30:00
Race Through New York Starring Jimmy Fallon,25,17:35:00
Race Through New York Starring Jimmy Fallon,25,17:40:00
Race Through New York Starring Jimmy Fallon,25,17:45:00
Race Through New York Starring Jimmy Fallon,25,17:50:00
Race Through New York Starring Jimmy Fallon,35,17:55:00
Race Through New York Starring Jimmy Fallon,35,18:00:00
Race Through New York Starring Jimmy Fallon,35,18:05:00
Race Through New York Starring Jimmy Fallon,35,18:10:00
Race Through New York Starring Jimmy Fallon,35,18:15:00
Race Through New York Starring Jimmy Fallon,25,18:20:00
Race Through New York Starring Jimmy Fallon,25,18:25:00
Race Through New York Starring Jimmy Fallon,20,18:30:00
Race Through New York Starring Jimmy Fallon,20,18:35:00
Race Through New York Starring Jimmy Fallon,15,18:40:00
Race Through New York Starring Jimmy Fallon,15,18:45:00
Race Through New York Starring Jimmy Fallon,15,18:50:00
Race Through New York Starring Jimmy Fallon,15,18:55:00
Race Through New York Starring Jimmy Fallon,15,19:00:00
Race Through New York Starring Jimmy Fallon,15,19:05:00
Race Through New York Starring Jimmy Fallon,15,19:10:00
Race Through New York Starring Jimmy Fallon,15,19:15:00
Race Through New York Starring Jimmy Fallon,15,19:20:00
Race Through New York Starring Jimmy Fallon,15,19:25:00
Race Through New York Starring Jimmy Fallon,15,19:30:00
Race Through New York Starring Jimmy Fallon,15,19:35:00
Race Through New York Starring Jimmy Fallon,15,19:40:00
Race Through New York Starring Jimmy Fallon,15,19:45:00
Race Through New York Starring Jimmy Fallon,25,19:50:00
Race Through New York Starring Jimmy Fallon,15,19:55:00
Race Through New York Starring Jimmy Fallon,15,20:00:00
Race Through New York Starring Jimmy Fallon,15,20:05:00
Race Through New York Starring Jimmy Fallon,15,20:10:00
Race Through New York Starring Jimmy Fallon,15,20:15:00
Race Through New York Starring Jimmy Fallon,10,20:20:00
Race Through New York Starring Jimmy Fallon,10,20:25:00
Race Through New York Starring Jimmy Fallon,10,20:30:00
Race Through New York Starring Jimmy Fallon,10,20:35:00
Race Through New York Starring Jimmy Fallon,10,20:40:00
Race Through New York Starring Jimmy Fallon,10,20:45:00
Race Through New York Starring Jimmy Fallon,10,20:50:00
Race Through New York Starring Jimmy Fallon,10,20:55:00
Despicable Me Minion Mayhem,15,08:55:00
Despicable Me Minion Mayhem,15,09:00:00
Despicable Me Minion Mayhem,25,09:05:00
Despicable Me Minion Mayhem,35,09:10:00
Despicable Me Minion Mayhem,40,09:15:00
Despicable Me Minion Mayhem,50,09:20:00
Despicable Me Minion Mayhem,50,09:25:00
Despicable Me Minion Mayhem,50,09:30:00
Despicable Me Minion Mayhem,50,09:35:00
Despicable Me Minion Mayhem,50,09:40:00
Despicable Me Minion Mayhem,50,09:45:00
Despicable Me Minion Mayhem,50,09:50:00
Despicable Me Minion Mayhem,50,09:55:00
Despicable Me Minion Mayhem,50,10:00:00
Despicable Me Minion Mayhem,50,10:05:00
Despicable Me Minion Mayhem,50,10:10:00
Despicable Me Minion Mayhem,50,10:15:00
Despicable Me Minion Mayhem,50,10:20:00
Despicable Me Minion Mayhem,50,10:25:00
Despicable Me Minion Mayhem,65,10:30:00
Despicable Me Minion Mayhem,65,10:35:00
Despicable Me Minion Mayhem,65,10:40:00
Despicable Me Minion Mayhem,65,10:45:00
Despicable Me Minion Mayhem,65,10:50:00
Despicable Me Minion Mayhem,65,10:55:00
Despicable Me Minion Mayhem,65,11:00:00
Despicable Me Minion Mayhem,65,11:05:00
Despicable Me Minion Mayhem,65,11:10:00
Despicable Me Minion Mayhem,65,11:15:00
Despicable Me Minion Mayhem,65,11:20:00
Despicable Me Minion Mayhem,95,11:25:00
Despicable Me Minion Mayhem,95,11:30:00
Despicable Me Minion Mayhem,95,11:35:00
Despicable Me Minion Mayhem,95,11:40:00
Despicable Me Minion Mayhem,95,11:45:00
Despicable Me Minion Mayhem,95,11:50:00
Despicable Me Minion Mayhem,80,11:55:00
Despicable Me Minion Mayhem,80,12:00:00
Despicable Me Minion Mayhem,80,12:05:00
Despicable Me Minion Mayhem,80,12:10:00
Despicable Me Minion Mayhem,80,12:15:00
Despicable Me Minion Mayhem,70,12:20:00
Despicable Me Minion Mayhem,70,12:25:00
Despicable Me Minion Mayhem,60,12:30:00
Despicable Me Minion Mayhem,60,12:35:00
Despicable Me Minion Mayhem,60,12:40:00
Despicable Me Minion Mayhem,50,12:45:00
Despicable Me Minion Mayhem,50,12:50:00
Despicable Me Minion Mayhem,45,12:55:00
Despicable Me Minion Mayhem,45,13:00:00
Despicable Me Minion Mayhem,55,13:05:00
Despicable Me Minion Mayhem,55,13:10:00
Despicable Me Minion Mayhem,55,13:15:00
Despicable Me Minion Mayhem,55,13:20:00
Despicable Me Minion Mayhem,55,13:25:00
Despicable Me Minion Mayhem,55,13:30:00
Despicable Me Minion Mayhem,55,13:35:00
Despicable Me Minion Mayhem,55,13:40:00
Despicable Me Minion Mayhem,55,13:45:00
Despicable Me Minion Mayhem,55,13:50:00
Despicable Me Minion Mayhem,55,13:55:00
Despicable Me Minion Mayhem,55,14:00:00
Despicable Me Minion Mayhem,50,14:05:00
Despicable Me Minion Mayhem,50,14:10:00
Despicable Me Minion Mayhem,50,14:15:00
Despicable Me Minion Mayhem,50,14:20:00
Despicable Me Minion Mayhem,40,14:25:00
Despicable Me Minion Mayhem,40,14:30:00
Despicable Me Minion Mayhem,40,14:35:00
Despicable Me Minion Mayhem,40,14:40:00
Despicable Me Minion Mayhem,40,14:45:00
Despicable Me Minion Mayhem,40,14:50:00
Despicable Me Minion Mayhem,40,14:55:00
Despicable Me Minion Mayhem,40,15:00:00
Despicable Me Minion Mayhem,40,15:05:00
Despicable Me Minion Mayhem,40,15:10:00
Despicable Me Minion Mayhem,40,15:15:00
Despicable Me Minion Mayhem,35,15:20:00
Despicable Me Minion Mayhem,45,15:25:00
Despicable Me Minion Mayhem,45,15:30:00
Despicable Me Minion Mayhem,45,15:35:00
Despicable Me Minion Mayhem,45,15:40:00
Despicable Me Minion Mayhem,45,15:45:00
Despicable Me Minion Mayhem,35,15:50:00
Despicable Me Minion Mayhem,35,15:55:00
Despicable Me Minion Mayhem,35,16:00:00
Despicable Me Minion Mayhem,40,16:05:00
Despicable Me Minion Mayhem,40,16:10:00
Despicable Me Minion Mayhem,40,16:15:00
Despicable Me Minion Mayhem,40,16:20:00
Despicable Me Minion Mayhem,40,16:25:00
Despicable Me Minion Mayhem,40,16:30:00
Despicable Me Minion Mayhem,40,16:35:00
Despicable Me Minion Mayhem,40,16:40:00
Despicable Me Minion Mayhem,40,16:45:00
Despicable Me Minion Mayhem,40,16:50:00
Despicable Me Minion Mayhem,45,16:55:00
Despicable Me Minion Mayhem,45,17:00:00
Despicable Me Minion Mayhem,45,17:05:00
Despicable Me Minion Mayhem,45,17:10:00
Despicable Me Minion Mayhem,45,17:15:00
Despicable Me Minion Mayhem,40,17:20:00
Despicable Me Minion Mayhem,35,17:25:00
Despicable Me Minion Mayhem,35,17:30:00
Despicable Me Minion Mayhem,35,17:35:00
Despicable Me Minion Mayhem,35,17:40:00
Despicable Me Minion Mayhem,30,17:45:00
Despicable Me Minion Mayhem,35,17:50:00
Despicable Me Minion Mayhem,35,17:55:00
Despicable Me Minion Mayhem,35,18:00:00
Despicable Me Minion Mayhem,40,18:05:00
Despicable Me Minion Mayhem,35,18:10:00
Despicable Me Minion Mayhem,35,18:15:00
Despicable Me Minion Mayhem,40,18:20:00
Despicable Me Minion Mayhem,35,18:25:00
Despicable Me Minion Mayhem,30,18:45:00
Despicable Me Minion Mayhem,30,18:50:00
Despicable Me Minion Mayhem,30,18:55:00
Despicable Me Minion Mayhem,40,19:00:00
Despicable Me Minion Mayhem,40,19:05:00
Despicable Me Minion Mayhem,40,19:10:00
Despicable Me Minion Mayhem,40,19:15:00
Despicable Me Minion Mayhem,40,19:20:00
Despicable Me Minion Mayhem,40,19:25:00
Despicable Me Minion Mayhem,40,19:30:00
Despicable Me Minion Mayhem,35,19:35:00
Despicable Me Minion Mayhem,35,19:40:00
Despicable Me Minion Mayhem,35,19:45:00
Despicable Me Minion Mayhem,30,19:50:00
Despicable Me Minion Mayhem,30,19:55:00
Despicable Me Minion Mayhem,30,20:00:00
Despicable Me Minion Mayhem,20,20:05:00
Despicable Me Minion Mayhem,20,20:10:00
Despicable Me Minion Mayhem,20,20:15:00
Despicable Me Minion Mayhem,20,20:20:00
Despicable Me Minion Mayhem,25,20:25:00
Despicable Me Minion Mayhem,20,20:30:00
Despicable Me Minion Mayhem,20,20:35:00
Despicable Me Minion Mayhem,30,20:40:00
Despicable Me Minion Mayhem,30,20:45:00
Despicable Me Minion Mayhem,25,20:50:00
Despicable Me Minion Mayhem,25,20:55:00
Harry Potter and the Escape from Gringotts,15,09:15:00
Harry Potter and the Escape from Gringotts,15,09:20:00
Harry Potter and the Escape from Gringotts,15,09:25:00
Harry Potter and the Escape from Gringotts,15,09:30:00
Harry Potter and the Escape from Gringotts,15,09:35:00
Harry Potter and the Escape from Gringotts,15,09:40:00
Harry Potter and the Escape from Gringotts,15,09:45:00
Harry Potter and the Escape from Gringotts,15,09:50:00
Harry Potter and the Escape from Gringotts,25,09:55:00
Harry Potter and the Escape from Gringotts,25,10:00:00
Harry Potter and the Escape from Gringotts,25,10:05:00
Harry Potter and the Escape from Gringotts,25,10:10:00
Harry Potter and the Escape from Gringotts,25,10:15:00
Harry Potter and the Escape from Gringotts,30,10:20:00
Harry Potter and the Escape from Gringotts,45,10:25:00
Harry Potter and the Escape from Gringotts,45,10:30:00
Harry Potter and the Escape from Gringotts,45,10:35:00
Harry Potter and the Escape from Gringotts,45,10:40:00
Harry Potter and the Escape from Gringotts,35,10:45:00
Harry Potter and the Escape from Gringotts,35,10:50:00
Harry Potter and the Escape from Gringotts,35,10:55:00
Harry Potter and the Escape from Gringotts,35,11:00:00
Harry Potter and the Escape from Gringotts,35,11:05:00
Harry Potter and the Escape from Gringotts,35,11:10:00
Harry Potter and the Escape from Gringotts,35,11:15:00
Harry Potter and the Escape from Gringotts,35,11:20:00
Harry Potter and the Escape from Gringotts,35,11:25:00
Harry Potter and the Escape from Gringotts,35,11:30:00
Harry Potter and the Escape from Gringotts,35,11:35:00
Harry Potter and the Escape from Gringotts,35,11:40:00
Harry Potter and the Escape from Gringotts,35,11:45:00
Harry Potter and the Escape from Gringotts,35,11:50:00
Harry Potter and the Escape from Gringotts,35,11:55:00
Harry Potter and the Escape from Gringotts,45,12:00:00
Harry Potter and the Escape from Gringotts,45,12:05:00
Harry Potter and the Escape from Gringotts,45,12:10:00
Harry Potter and the Escape from Gringotts,45,12:15:00
Harry Potter and the Escape from Gringotts,45,12:20:00
Harry Potter and the Escape from Gringotts,45,12:25:00
Harry Potter and the Escape from Gringotts,45,12:30:00
Harry Potter and the Escape from Gringotts,45,12:35:00
Harry Potter and the Escape from Gringotts,45,12:40:00
Harry Potter and the Escape from Gringotts,45,12:45:00
Harry Potter and the Escape from Gringotts,70,12:50:00
Harry Potter and the Escape from Gringotts,70,12:55:00
Harry Potter and the Escape from Gringotts,70,13:00:00
Harry Potter and the Escape from Gringotts,70,13:05:00
Harry Potter and the Escape from Gringotts,70,13:10:00
Harry Potter and the Escape from Gringotts,70,13:15:00
Harry Potter and the Escape from Gringotts,70,13:20:00
Harry Potter and the Escape from Gringotts,70,13:25:00
Harry Potter and the Escape from Gringotts,70,13:30:00
Harry Potter and the Escape from Gringotts,70,13:35:00
Harry Potter and the Escape from Gringotts,70,13:40:00
Harry Potter and the Escape from Gringotts,70,13:45:00
Harry Potter and the Escape from Gringotts,70,13:50:00
Harry Potter and the Escape from Gringotts,70,13:55:00
Harry Potter and the Escape from Gringotts,70,14:00:00
Harry Potter and the Escape from Gringotts,70,14:05:00
Harry Potter and the Escape from Gringotts,75,14:10:00
Harry Potter and the Escape from Gringotts,75,14:15:00
Harry Potter and the Escape from Gringotts,85,14:20:00
Harry Potter and the Escape from Gringotts,85,14:25:00
Harry Potter and the Escape from Gringotts,85,14:30:00
Harry Potter and the Escape from Gringotts,85,14:35:00
Harry Potter and the Escape from Gringotts,85,14:40:00
Harry Potter and the Escape from Gringotts,70,14:45:00
Harry Potter and the Escape from Gringotts,70,14:50:00
Harry Potter and the Escape from Gringotts,70,14:55:00
Harry Potter and the Escape from Gringotts,70,15:00:00
Harry Potter and the Escape from Gringotts,70,15:05:00
Harry Potter and the Escape from Gringotts,70,15:10:00
Harry Potter and the Escape from Gringotts,70,15:15:00
Harry Potter and the Escape from Gringotts,70,15:20:00
Harry Potter and the Escape from Gringotts,45,15:25:00
Harry Potter and the Escape from Gringotts,45,15:30:00
Harry Potter and the Escape from Gringotts,45,15:35:00
Harry Potter and the Escape from Gringotts,45,15:40:00
Harry Potter and the Escape from Gringotts,45,15:45:00
Harry Potter and the Escape from Gringotts,45,15:50:00
Harry Potter and the Escape from Gringotts,45,15:55:00
Harry Potter and the Escape from Gringotts,45,16:00:00
Harry Potter and the Escape from Gringotts,45,16:05:00
Harry Potter and the Escape from Gringotts,45,16:10:00
Harry Potter and the Escape from Gringotts,45,16:15:00
Harry Potter and the Escape from Gringotts,45,16:20:00
Harry Potter and the Escape from Gringotts,55,16:25:00
Harry Potter and the Escape from Gringotts,55,16:30:00
Harry Potter and the Escape from Gringotts,65,16:35:00
Harry Potter and the Escape from Gringotts,65,16:40:00
Harry Potter and the Escape from Gringotts,65,16:45:00
Harry Potter and the Escape from Gringotts,65,16:50:00
Harry Potter and the Escape from Gringotts,65,16:55:00
Harry Potter and the Escape from Gringotts,80,17:00:00
Harry Potter and the Escape from Gringotts,80,17:05:00
Harry Potter and the Escape from Gringotts,80,17:10:00
Harry Potter and the Escape from Gringotts,80,17:15:00
Harry Potter and the Escape from Gringotts,70,17:20:00
Harry Potter and the Escape from Gringotts,70,17:25:00
Harry Potter and the Escape from Gringotts,65,17:30:00
Harry Potter and the Escape from Gringotts,65,17:35:00
Harry Potter and the Escape from Gringotts,65,17:40:00
Harry Potter and the Escape from Gringotts,65,17:45:00
Harry Potter and the Escape from Gringotts,45,17:50:00
Harry Potter and the Escape from Gringotts,45,17:55:00
Harry Potter and the Escape from Gringotts,40,18:00:00
Harry Potter and the Escape from Gringotts,40,18:05:00
Harry Potter and the Escape from Gringotts,40,18:10:00
Harry Potter and the Escape from Gringotts,40,18:15:00
Harry Potter and the Escape from Gringotts,40,18:20:00
Harry Potter and the Escape from Gringotts,40,18:25:00
Harry Potter and the Escape from Gringotts,40,18:30:00
Harry Potter and the Escape from Gringotts,40,18:35:00
Harry Potter and the Escape from Gringotts,40,18:40:00
Harry Potter and the Escape from Gringotts,40,18:45:00
Harry Potter and the Escape from Gringotts,40,18:50:00
Harry Potter and the Escape from Gringotts,40,18:55:00
Harry Potter and the Escape from Gringotts,40,19:00:00
Harry Potter and the Escape from Gringotts,40,19:05:00
Harry Potter and the Escape from Gringotts,55,19:10:00
Harry Potter and the Escape from Gringotts,55,19:15:00
Harry Potter and the Escape from Gringotts,55,19:20:00
Harry Potter and the Escape from Gringotts,55,19:25:00
Harry Potter and the Escape from Gringotts,45,19:30:00
Harry Potter and the Escape from Gringotts,35,19:35:00
Harry Potter and the Escape from Gringotts,35,19:40:00
Harry Potter and the Escape from Gringotts,35,19:45:00
Harry Potter and the Escape from Gringotts,35,19:50:00
Harry Potter and the Escape from Gringotts,35,19:55:00
Harry Potter and the Escape from Gringotts,35,20:00:00
Harry Potter and the Escape from Gringotts,35,20:05:00
Harry Potter and the Escape from Gringotts,35,20:10:00
Harry Potter and the Escape from Gringotts,35,20:15:00
Harry Potter and the Escape from Gringotts,35,20:20:00
Harry Potter and the Escape from Gringotts,35,20:25:00
Harry Potter and the Escape from Gringotts,20,20:30:00
Harry Potter and the Escape from Gringotts,20,20:35:00
Harry Potter and the Escape from Gringotts,20,20:40:00
Harry Potter and the Escape from Gringotts,20,20:45:00
Harry Potter and the Escape from Gringotts,20,20:50:00
Harry Potter and the Escape from Gringotts,20,20:55:00
TRANSFORMERS: The Ride-3D,5,09:00:00
TRANSFORMERS: The Ride-3D,5,09:05:00
TRANSFORMERS: The Ride-3D,5,09:10:00
TRANSFORMERS: The Ride-3D,5,09:15:00
TRANSFORMERS: The Ride-3D,5,09:20:00
TRANSFORMERS: The Ride-3D,10,09:25:00
TRANSFORMERS: The Ride-3D,10,09:30:00
TRANSFORMERS: The Ride-3D,10,09:35:00
TRANSFORMERS: The Ride-3D,10,09:40:00
TRANSFORMERS: The Ride-3D,10,09:45:00
TRANSFORMERS: The Ride-3D,10,09:50:00
TRANSFORMERS: The Ride-3D,10,09:55:00
TRANSFORMERS: The Ride-3D,20,10:00:00
TRANSFORMERS: The Ride-3D,20,10:05:00
TRANSFORMERS: The Ride-3D,20,10:10:00
TRANSFORMERS: The Ride-3D,25,10:15:00
TRANSFORMERS: The Ride-3D,25,10:20:00
TRANSFORMERS: The Ride-3D,25,10:25:00
TRANSFORMERS: The Ride-3D,35,10:30:00
TRANSFORMERS: The Ride-3D,35,10:35:00
TRANSFORMERS: The Ride-3D,35,10:40:00
TRANSFORMERS: The Ride-3D,35,10:45:00
TRANSFORMERS: The Ride-3D,45,10:50:00
TRANSFORMERS: The Ride-3D,45,10:55:00
TRANSFORMERS: The Ride-3D,45,11:00:00
TRANSFORMERS: The Ride-3D,45,11:05:00
TRANSFORMERS: The Ride-3D,45,11:10:00
TRANSFORMERS: The Ride-3D,45,11:15:00
TRANSFORMERS: The Ride-3D,45,11:20:00
TRANSFORMERS: The Ride-3D,45,11:25:00
TRANSFORMERS: The Ride-3D,45,11:30:00
TRANSFORMERS: The Ride-3D,45,11:35:00
TRANSFORMERS: The Ride-3D,45,11:40:00
TRANSFORMERS: The Ride-3D,45,11:45:00
TRANSFORMERS: The Ride-3D,45,11:50:00
TRANSFORMERS: The Ride-3D,45,11:55:00
TRANSFORMERS: The Ride-3D,45,12:00:00
TRANSFORMERS: The Ride-3D,45,12:05:00
TRANSFORMERS: The Ride-3D,45,12:10:00
TRANSFORMERS: The Ride-3D,45,12:15:00
TRANSFORMERS: The Ride-3D,55,12:20:00
TRANSFORMERS: The Ride-3D,55,12:25:00
TRANSFORMERS: The Ride-3D,55,12:30:00
TRANSFORMERS: The Ride-3D,70,12:35:00
TRANSFORMERS: The Ride-3D,95,12:40:00
TRANSFORMERS: The Ride-3D,95,12:45:00
TRANSFORMERS: The Ride-3D,95,12:50:00
TRANSFORMERS: The Ride-3D,95,12:55:00
TRANSFORMERS: The Ride-3D,75,13:00:00
TRANSFORMERS: The Ride-3D,60,13:05:00
TRANSFORMERS: The Ride-3D,60,13:10:00
TRANSFORMERS: The Ride-3D,60,13:15:00
TRANSFORMERS: The Ride-3D,45,13:20:00
TRANSFORMERS: The Ride-3D,45,13:25:00
TRANSFORMERS: The Ride-3D,45,13:30:00
TRANSFORMERS: The Ride-3D,45,13:35:00
TRANSFORMERS: The Ride-3D,45,13:40:00
TRANSFORMERS: The Ride-3D,45,13:45:00
TRANSFORMERS: The Ride-3D,45,13:50:00
TRANSFORMERS: The Ride-3D,45,13:55:00
TRANSFORMERS: The Ride-3D,45,14:00:00
TRANSFORMERS: The Ride-3D,45,14:05:00
TRANSFORMERS: The Ride-3D,45,14:10:00
TRANSFORMERS: The Ride-3D,45,14:15:00
TRANSFORMERS: The Ride-3D,45,14:20:00
TRANSFORMERS: The Ride-3D,45,14:25:00
TRANSFORMERS: The Ride-3D,45,14:30:00
TRANSFORMERS: The Ride-3D,35,14:35:00
TRANSFORMERS: The Ride-3D,35,14:40:00
TRANSFORMERS: The Ride-3D,35,14:45:00
TRANSFORMERS: The Ride-3D,35,14:50:00
TRANSFORMERS: The Ride-3D,35,14:55:00
TRANSFORMERS: The Ride-3D,50,15:00:00
TRANSFORMERS: The Ride-3D,50,15:05:00
TRANSFORMERS: The Ride-3D,65,15:10:00
TRANSFORMERS: The Ride-3D,65,15:15:00
TRANSFORMERS: The Ride-3D,65,15:20:00
TRANSFORMERS: The Ride-3D,40,15:25:00
TRANSFORMERS: The Ride-3D,40,15:30:00
TRANSFORMERS: The Ride-3D,35,15:35:00
TRANSFORMERS: The Ride-3D,35,15:40:00
TRANSFORMERS: The Ride-3D,35,15:45:00
TRANSFORMERS: The Ride-3D,35,15:50:00
TRANSFORMERS: The Ride-3D,35,15:55:00
TRANSFORMERS: The Ride-3D,35,16:00:00
TRANSFORMERS: The Ride-3D,35,16:05:00
TRANSFORMERS: The Ride-3D,35,16:10:00
TRANSFORMERS: The Ride-3D,35,16:15:00
TRANSFORMERS: The Ride-3D,35,16:20:00
TRANSFORMERS: The Ride-3D,35,16:25:00
TRANSFORMERS: The Ride-3D,35,16:30:00
TRANSFORMERS: The Ride-3D,35,16:35:00
TRANSFORMERS: The Ride-3D,35,16:40:00
TRANSFORMERS: The Ride-3D,35,16:45:00
TRANSFORMERS: The Ride-3D,35,16:50:00
TRANSFORMERS: The Ride-3D,35,16:55:00
TRANSFORMERS: The Ride-3D,35,17:00:00
TRANSFORMERS: The Ride-3D,35,17:05:00
TRANSFORMERS: The Ride-3D,35,17:10:00
TRANSFORMERS: The Ride-3D,35,17:15:00
TRANSFORMERS: The Ride-3D,25,17:20:00
TRANSFORMERS: The Ride-3D,35,17:25:00
TRANSFORMERS: The Ride-3D,35,17:30:00
TRANSFORMERS: The Ride-3D,35,17:35:00
TRANSFORMERS: The Ride-3D,35,17:40:00
TRANSFORMERS: The Ride-3D,35,17:45:00
TRANSFORMERS: The Ride-3D,35,17:50:00
TRANSFORMERS: The Ride-3D,35,17:55:00
TRANSFORMERS: The Ride-3D,35,18:00:00
TRANSFORMERS: The Ride-3D,35,18:05:00
TRANSFORMERS: The Ride-3D,35,18:10:00
TRANSFORMERS: The Ride-3D,35,18:15:00
TRANSFORMERS: The Ride-3D,35,18:20:00
TRANSFORMERS: The Ride-3D,35,18:25:00
TRANSFORMERS: The Ride-3D,35,18:30:00
TRANSFORMERS: The Ride-3D,35,18:35:00
TRANSFORMERS: The Ride-3D,35,18:40:00
TRANSFORMERS: The Ride-3D,35,18:45:00
TRANSFORMERS: The Ride-3D,35,18:50:00
TRANSFORMERS: The Ride-3D,35,18:55:00
TRANSFORMERS: The Ride-3D,25,19:00:00
TRANSFORMERS: The Ride-3D,25,19:05:00
TRANSFORMERS: The Ride-3D,25,19:10:00
TRANSFORMERS: The Ride-3D,25,19:15:00
TRANSFORMERS: The Ride-3D,25,19:20:00
TRANSFORMERS: The Ride-3D,25,19:25:00
TRANSFORMERS: The Ride-3D,25,19:30:00
TRANSFORMERS: The Ride-3D,15,19:35:00
TRANSFORMERS: The Ride-3D,10,19:40:00
TRANSFORMERS: The Ride-3D,10,19:45:00
TRANSFORMERS: The Ride-3D,10,19:50:00
TRANSFORMERS: The Ride-3D,10,19:55:00
TRANSFORMERS: The Ride-3D,10,20:00:00
TRANSFORMERS: The Ride-3D,10,20:05:00
TRANSFORMERS: The Ride-3D,20,20:10:00
TRANSFORMERS: The Ride-3D,20,20:15:00
TRANSFORMERS: The Ride-3D,20,20:20:00
TRANSFORMERS: The Ride-3D,15,20:25:00
TRANSFORMERS: The Ride-3D,15,20:30:00
TRANSFORMERS: The Ride-3D,15,20:35:00
TRANSFORMERS: The Ride-3D,15,20:40:00
TRANSFORMERS: The Ride-3D,15,20:45:00
TRANSFORMERS: The Ride-3D,15,20:50:00
TRANSFORMERS: The Ride-3D,15,20:55:00
E.T. Adventure,10,09:55:00
E.T. Adventure,10,10:00:00
E.T. Adventure,10,10:05:00
E.T. Adventure,10,10:10:00
E.T. Adventure,10,10:15:00
E.T. Adventure,10,10:20:00
E.T. Adventure,10,10:25:00
E.T. Adventure,10,10:30:00
E.T. Adventure,10,10:35:00
E.T. Adventure,10,10:40:00
E.T. Adventure,10,10:45:00
E.T. Adventure,10,10:50:00
E.T. Adventure,10,10:55:00
E.T. Adventure,10,11:00:00
E.T. Adventure,10,11:05:00
E.T. Adventure,10,11:10:00
E.T. Adventure,10,11:15:00
E.T. Adventure,10,11:20:00
E.T. Adventure,10,11:25:00
E.T. Adventure,10,11:30:00
E.T. Adventure,10,11:35:00
E.T. Adventure,10,11:40:00
E.T. Adventure,10,11:45:00
E.T. Adventure,10,11:50:00
E.T. Adventure,10,11:55:00
E.T. Adventure,10,12:00:00
E.T. Adventure,10,12:05:00
E.T. Adventure,10,12:10:00
E.T. Adventure,10,12:15:00
E.T. Adventure,10,12:20:00
E.T. Adventure,10,12:25:00
E.T. Adventure,40,12:30:00
E.T. Adventure,40,12:35:00
E.T. Adventure,40,12:40:00
E.T. Adventure,40,12:45:00
E.T. Adventure,40,12:50:00
E.T. Adventure,25,12:55:00
E.T. Adventure,25,13:00:00
E.T. Adventure,25,13:05:00
E.T. Adventure,25,13:10:00
E.T. Adventure,25,13:15:00
E.T. Adventure,25,13:20:00
E.T. Adventure,25,13:25:00
E.T. Adventure,25,13:30:00
E.T. Adventure,25,13:35:00
E.T. Adventure,25,13:40:00
E.T. Adventure,25,13:45:00
E.T. Adventure,25,13:50:00
E.T. Adventure,25,13:55:00
E.T. Adventure,25,14:00:00
E.T. Adventure,25,14:05:00
E.T. Adventure,25,14:10:00
E.T. Adventure,25,14:15:00
E.T. Adventure,25,14:20:00
E.T. Adventure,25,14:25:00
E.T. Adventure,25,14:30:00
E.T. Adventure,25,14:35:00
E.T. Adventure,25,14:40:00
E.T. Adventure,25,14:45:00
E.T. Adventure,25,14:50:00
E.T. Adventure,25,14:55:00
E.T. Adventure,25,15:00:00
E.T. Adventure,25,15:05:00
E.T. Adventure,25,15:10:00
E.T. Adventure,25,15:15:00
E.T. Adventure,25,15:20:00
E.T. Adventure,25,15:25:00
E.T. Adventure,25,15:30:00
E.T. Adventure,25,15:35:00
E.T. Adventure,25,15:40:00
E.T. Adventure,25,15:45:00
E.T. Adventure,25,15:50:00
E.T. Adventure,25,15:55:00
E.T. Adventure,25,16:00:00
E.T. Adventure,25,16:05:00
E.T. Adventure,25,16:10:00
E.T. Adventure,25,16:15:00
E.T. Adventure,25,16:20:00
E.T. Adventure,25,16:25:00
E.T. Adventure,25,16:30:00
E.T. Adventure,45,16:35:00
E.T. Adventure,45,16:40:00
E.T. Adventure,45,16:45:00
E.T. Adventure,45,16:50:00
E.T. Adventure,45,16:55:00
E.T. Adventure,45,17:00:00
E.T. Adventure,25,17:05:00
E.T. Adventure,25,17:10:00
E.T. Adventure,25,17:15:00
E.T. Adventure,25,17:20:00
E.T. Adventure,25,17:25:00
E.T. Adventure,25,17:30:00
E.T. Adventure,25,17:35:00
E.T. Adventure,25,17:40:00
E.T. Adventure,25,17:45:00
E.T. Adventure,25,17:50:00
E.T. Adventure,25,17:55:00
E.T. Adventure,25,18:00:00
E.T. Adventure,20,18:05:00
E.T. Adventure,20,18:10:00
E.T. Adventure,20,18:15:00
E.T. Adventure,10,18:20:00
E.T. Adventure,10,18:25:00
E.T. Adventure,10,18:30:00
E.T. Adventure,10,18:35:00
E.T. Adventure,10,18:40:00
E.T. Adventure,10,18:45:00
E.T. Adventure,10,18:50:00
E.T. Adventure,10,18:55:00
E.T. Adventure,10,19:00:00
E.T. Adventure,10,19:05:00
E.T. Adventure,10,19:10:00
E.T. Adventure,10,19:15:00
E.T. Adventure,10,19:20:00
E.T. Adventure,10,19:25:00
E.T. Adventure,10,19:30:00
E.T. Adventure,10,19:35:00
E.T. Adventure,10,19:40:00
E.T. Adventure,10,19:45:00
E.T. Adventure,10,19:50:00
E.T. Adventure,10,19:55:00
E.T. Adventure,10,20:00:00
E.T. Adventure,10,20:05:00
E.T. Adventure,10,20:10:00
E.T. Adventure,10,20:15:00
E.T. Adventure,10,20:20:00
E.T. Adventure,10,20:25:00
E.T. Adventure,10,20:30:00
E.T. Adventure,10,20:35:00
E.T. Adventure,10,20:40:00
E.T. Adventure,10,20:45:00
E.T. Adventure,10,20:50:00
E.T. Adventure,10,20:55:00
Revenge of the Mummy,10,09:05:00
Revenge of the Mummy,10,09:10:00
Revenge of the Mummy,10,09:15:00
Revenge of the Mummy,10,09:20:00
Revenge of the Mummy,10,09:25:00
Revenge of the Mummy,10,09:30:00
Revenge of the Mummy,10,09:35:00
Revenge of the Mummy,20,09:40:00
Revenge of the Mummy,20,09:45:00
Revenge of the Mummy,20,09:50:00
Revenge of the Mummy,35,09:55:00
Revenge of the Mummy,35,10:00:00
Revenge of the Mummy,55,10:05:00
Revenge of the Mummy,55,10:10:00
Revenge of the Mummy,55,10:15:00
Revenge of the Mummy,55,10:20:00
Revenge of the Mummy,55,10:25:00
Revenge of the Mummy,55,10:30:00
Revenge of the Mummy,55,10:35:00
Revenge of the Mummy,55,10:40:00
Revenge of the Mummy,35,10:45:00
Revenge of the Mummy,35,10:50:00
Revenge of the Mummy,35,10:55:00
Revenge of the Mummy,35,11:00:00
Revenge of the Mummy,35,11:05:00
Revenge of the Mummy,45,11:10:00
Revenge of the Mummy,45,11:15:00
Revenge of the Mummy,45,11:20:00
Revenge of the Mummy,45,11:25:00
Revenge of the Mummy,45,11:30:00
Revenge of the Mummy,45,11:35:00
Revenge of the Mummy,45,11:40:00
Revenge of the Mummy,45,11:45:00
Revenge of the Mummy,45,11:50:00
Revenge of the Mummy,45,11:55:00
Revenge of the Mummy,45,12:00:00
Revenge of the Mummy,45,12:05:00
Revenge of the Mummy,45,12:10:00
Revenge of the Mummy,45,12:15:00
Revenge of the Mummy,45,12:20:00
Revenge of the Mummy,45,12:25:00
Revenge of the Mummy,45,12:30:00
Revenge of the Mummy,45,12:35:00
Revenge of the Mummy,45,12:40:00
Revenge of the Mummy,45,12:45:00
Revenge of the Mummy,45,12:50:00
Revenge of the Mummy,45,12:55:00
Revenge of the Mummy,45,13:00:00
Revenge of the Mummy,45,13:05:00
Revenge of the Mummy,45,13:10:00
Revenge of the Mummy,65,13:15:00
Revenge of the Mummy,65,13:20:00
Revenge of the Mummy,65,13:25:00
Revenge of the Mummy,65,13:30:00
Revenge of the Mummy,65,13:35:00
Revenge of the Mummy,65,13:40:00
Revenge of the Mummy,65,13:45:00
Revenge of the Mummy,65,13:50:00
Revenge of the Mummy,65,13:55:00
Revenge of the Mummy,65,14:00:00
Revenge of the Mummy,65,14:05:00
Revenge of the Mummy,65,14:10:00
Revenge of the Mummy,35,14:15:00
Revenge of the Mummy,35,14:20:00
Revenge of the Mummy,35,14:25:00
Revenge of the Mummy,25,14:30:00
Revenge of the Mummy,25,14:35:00
Revenge of the Mummy,25,14:40:00
Revenge of the Mummy,25,14:45:00
Revenge of the Mummy,35,14:50:00
Revenge of the Mummy,35,14:55:00
Revenge of the Mummy,35,15:00:00
Revenge of the Mummy,35,15:05:00
Revenge of the Mummy,60,15:10:00
Revenge of the Mummy,60,15:15:00
Revenge of the Mummy,60,15:20:00
Revenge of the Mummy,60,15:25:00
Revenge of the Mummy,60,15:30:00
Revenge of the Mummy,60,15:35:00
Revenge of the Mummy,60,15:40:00
Revenge of the Mummy,60,15:45:00
Revenge of the Mummy,35,15:50:00
Revenge of the Mummy,35,15:55:00
Revenge of the Mummy,35,16:00:00
Revenge of the Mummy,35,16:05:00
Revenge of the Mummy,35,16:10:00
Revenge of the Mummy,35,16:15:00
Revenge of the Mummy,35,16:20:00
Revenge of the Mummy,35,16:25:00
Revenge of the Mummy,35,16:30:00
Revenge of the Mummy,35,16:35:00
Revenge of the Mummy,35,16:40:00
Revenge of the Mummy,35,16:45:00
Revenge of the Mummy,35,16:50:00
Revenge of the Mummy,35,16:55:00
Revenge of the Mummy,35,17:00:00
Revenge of the Mummy,35,17:05:00
Revenge of the Mummy,35,17:10:00
Revenge of the Mummy,35,17:15:00
Revenge of the Mummy,35,17:20:00
Revenge of the Mummy,35,17:25:00
Revenge of the Mummy,35,17:30:00
Revenge of the Mummy,35,17:35:00
Revenge of the Mummy,35,17:40:00
Revenge of the Mummy,35,17:45:00
Revenge of the Mummy,35,17:50:00
Revenge of the Mummy,35,17:55:00
Revenge of the Mummy,35,18:00:00
Revenge of the Mummy,35,18:05:00
Revenge of the Mummy,35,18:10:00
Revenge of the Mummy,35,18:15:00
Revenge of the Mummy,35,18:20:00
Revenge of the Mummy,35,18:25:00
Revenge of the Mummy,35,18:30:00
Revenge of the Mummy,25,18:35:00
Revenge of the Mummy,25,18:40:00
Revenge of the Mummy,25,18:45:00
Revenge of the Mummy,25,18:50:00
Revenge of the Mummy,25,18:55:00
Revenge of the Mummy,25,19:00:00
Revenge of the Mummy,35,19:05:00
Revenge of the Mummy,35,19:10:00
Revenge of the Mummy,35,19:15:00
Revenge of the Mummy,35,19:20:00
Revenge of the Mummy,35,19:25:00
Revenge of the Mummy,35,19:30:00
Revenge of the Mummy,45,19:35:00
Revenge of the Mummy,45,19:40:00
Revenge of the Mummy,45,19:45:00
Revenge of the Mummy,35,19:50:00
Revenge of the Mummy,25,19:55:00
Revenge of the Mummy,25,20:00:00
Revenge of the Mummy,25,20:05:00
Revenge of the Mummy,25,20:10:00
Revenge of the Mummy,25,20:15:00
Revenge of the Mummy,25,20:20:00
MEN IN BLACK Alien Attack,10,09:05:00
MEN IN BLACK Alien Attack,10,09:10:00
MEN IN BLACK Alien Attack,10,09:15:00
MEN IN BLACK Alien Attack,10,09:20:00
MEN IN BLACK Alien Attack,10,09:25:00
MEN IN BLACK Alien Attack,10,09:30:00
MEN IN BLACK Alien Attack,10,09:35:00
MEN IN BLACK Alien Attack,10,09:40:00
MEN IN BLACK Alien Attack,10,09:45:00
MEN IN BLACK Alien Attack,10,09:50:00
MEN IN BLACK Alien Attack,10,09:55:00
MEN IN BLACK Alien Attack,10,10:00:00
MEN IN BLACK Alien Attack,10,10:05:00
MEN IN BLACK Alien Attack,10,10:10:00
MEN IN BLACK Alien Attack,10,10:15:00
MEN IN BLACK Alien Attack,10,10:20:00
MEN IN BLACK Alien Attack,10,10:25:00
MEN IN BLACK Alien Attack,10,10:30:00
MEN IN BLACK Alien Attack,10,10:35:00
MEN IN BLACK Alien Attack,10,10:40:00
MEN IN BLACK Alien Attack,10,10:45:00
MEN IN BLACK Alien Attack,10,10:50:00
MEN IN BLACK Alien Attack,15,10:55:00
MEN IN BLACK Alien Attack,15,11:00:00
MEN IN BLACK Alien Attack,15,11:05:00
MEN IN BLACK Alien Attack,15,11:10:00
MEN IN BLACK Alien Attack,15,11:15:00
MEN IN BLACK Alien Attack,15,11:20:00
MEN IN BLACK Alien Attack,15,11:25:00
MEN IN BLACK Alien Attack,15,11:30:00
MEN IN BLACK Alien Attack,15,11:45:00
MEN IN BLACK Alien Attack,15,11:50:00
MEN IN BLACK Alien Attack,15,11:55:00
MEN IN BLACK Alien Attack,15,12:00:00
MEN IN BLACK Alien Attack,15,12:05:00
MEN IN BLACK Alien Attack,15,12:10:00
MEN IN BLACK Alien Attack,15,12:15:00
MEN IN BLACK Alien Attack,20,12:20:00
MEN IN BLACK Alien Attack,20,12:25:00
MEN IN BLACK Alien Attack,20,12:30:00
MEN IN BLACK Alien Attack,20,12:35:00
MEN IN BLACK Alien Attack,20,12:40:00
MEN IN BLACK Alien Attack,20,12:45:00
MEN IN BLACK Alien Attack,20,12:50:00
MEN IN BLACK Alien Attack,20,12:55:00
MEN IN BLACK Alien Attack,25,13:00:00
MEN IN BLACK Alien Attack,25,13:05:00
MEN IN BLACK Alien Attack,35,13:10:00
MEN IN BLACK Alien Attack,35,13:15:00
MEN IN BLACK Alien Attack,35,13:20:00
MEN IN BLACK Alien Attack,35,13:25:00
MEN IN BLACK Alien Attack,35,13:30:00
MEN IN BLACK Alien Attack,35,13:35:00
MEN IN BLACK Alien Attack,35,13:40:00
MEN IN BLACK Alien Attack,35,13:45:00
MEN IN BLACK Alien Attack,35,13:50:00
MEN IN BLACK Alien Attack,35,13:55:00
MEN IN BLACK Alien Attack,35,14:00:00
MEN IN BLACK Alien Attack,35,14:05:00
MEN IN BLACK Alien Attack,35,14:10:00
MEN IN BLACK Alien Attack,45,14:15:00
MEN IN BLACK Alien Attack,45,14:20:00
MEN IN BLACK Alien Attack,45,14:25:00
MEN IN BLACK Alien Attack,45,14:30:00
MEN IN BLACK Alien Attack,45,14:35:00
MEN IN BLACK Alien Attack,45,14:40:00
MEN IN BLACK Alien Attack,45,14:45:00
MEN IN BLACK Alien Attack,45,14:50:00
MEN IN BLACK Alien Attack,45,14:55:00
MEN IN BLACK Alien Attack,45,15:00:00
MEN IN BLACK Alien Attack,45,15:05:00
MEN IN BLACK Alien Attack,45,15:10:00
MEN IN BLACK Alien Attack,45,15:15:00
MEN IN BLACK Alien Attack,45,15:20:00
MEN IN BLACK Alien Attack,45,15:25:00
MEN IN BLACK Alien Attack,45,15:30:00
MEN IN BLACK Alien Attack,45,15:35:00
MEN IN BLACK Alien Attack,45,15:40:00
MEN IN BLACK Alien Attack,10,15:45:00
MEN IN BLACK Alien Attack,10,16:35:00
MEN IN BLACK Alien Attack,10,16:40:00
MEN IN BLACK Alien Attack,10,16:45:00
MEN IN BLACK Alien Attack,10,16:50:00
MEN IN BLACK Alien Attack,15,16:55:00
MEN IN BLACK Alien Attack,15,17:00:00
MEN IN BLACK Alien Attack,20,17:05:00
MEN IN BLACK Alien Attack,20,17:10:00
MEN IN BLACK Alien Attack,25,17:15:00
MEN IN BLACK Alien Attack,25,17:20:00
MEN IN BLACK Alien Attack,35,17:25:00
MEN IN BLACK Alien Attack,35,17:30:00
MEN IN BLACK Alien Attack,45,17:35:00
MEN IN BLACK Alien Attack,45,17:40:00
MEN IN BLACK Alien Attack,45,17:45:00
MEN IN BLACK Alien Attack,45,17:50:00
MEN IN BLACK Alien Attack,45,17:55:00
MEN IN BLACK Alien Attack,45,18:00:00
MEN IN BLACK Alien Attack,45,18:05:00
MEN IN BLACK Alien Attack,45,18:10:00
MEN IN BLACK Alien Attack,35,18:15:00
MEN IN BLACK Alien Attack,25,18:20:00
MEN IN BLACK Alien Attack,25,18:25:00
MEN IN BLACK Alien Attack,25,18:30:00
MEN IN BLACK Alien Attack,25,18:35:00
MEN IN BLACK Alien Attack,25,18:40:00
MEN IN BLACK Alien Attack,25,18:45:00
MEN IN BLACK Alien Attack,25,18:50:00
MEN IN BLACK Alien Attack,25,18:55:00
MEN IN BLACK Alien Attack,25,19:00:00
MEN IN BLACK Alien Attack,25,19:05:00
MEN IN BLACK Alien Attack,25,19:10:00
MEN IN BLACK Alien Attack,35,19:15:00
MEN IN BLACK Alien Attack,35,19:20:00
MEN IN BLACK Alien Attack,35,19:25:00
MEN IN BLACK Alien Attack,35,19:30:00
MEN IN BLACK Alien Attack,35,19:35:00
MEN IN BLACK Alien Attack,35,19:40:00
MEN IN BLACK Alien Attack,35,19:45:00
MEN IN BLACK Alien Attack,35,19:50:00
MEN IN BLACK Alien Attack,35,19:55:00
MEN IN BLACK Alien Attack,20,20:00:00
MEN IN BLACK Alien Attack,20,20:05:00
MEN IN BLACK Alien Attack,20,20:10:00
MEN IN BLACK Alien Attack,20,20:15:00
MEN IN BLACK Alien Attack,20,20:20:00
MEN IN BLACK Alien Attack,20,20:25:00
MEN IN BLACK Alien Attack,20,20:30:00
MEN IN BLACK Alien Attack,20,20:35:00
MEN IN BLACK Alien Attack,20,20:40:00
MEN IN BLACK Alien Attack,20,20:45:00
MEN IN BLACK Alien Attack,20,20:50:00
MEN IN BLACK Alien Attack,20,20:55:00
The Simpsons Ride,10,09:10:00
The Simpsons Ride,10,09:15:00
The Simpsons Ride,10,09:20:00
The Simpsons Ride,10,09:25:00
The Simpsons Ride,10,09:30:00
The Simpsons Ride,10,09:35:00
The Simpsons Ride,10,09:40:00
The Simpsons Ride,10,09:45:00
The Simpsons Ride,10,09:50:00
The Simpsons Ride,10,09:55:00
The Simpsons Ride,10,10:00:00
The Simpsons Ride,10,10:05:00
The Simpsons Ride,10,10:10:00
The Simpsons Ride,10,10:15:00
The Simpsons Ride,10,10:20:00
The Simpsons Ride,10,10:25:00
The Simpsons Ride,10,10:30:00
The Simpsons Ride,10,10:35:00
The Simpsons Ride,10,10:40:00
The Simpsons Ride,10,10:45:00
The Simpsons Ride,10,10:50:00
The Simpsons Ride,10,10:55:00
The Simpsons Ride,10,11:00:00
The Simpsons Ride,25,11:05:00
The Simpsons Ride,25,11:10:00
The Simpsons Ride,25,11:15:00
The Simpsons Ride,25,11:20:00
The Simpsons Ride,25,11:25:00
The Simpsons Ride,25,11:30:00
The Simpsons Ride,25,11:35:00
The Simpsons Ride,25,11:40:00
The Simpsons Ride,25,11:45:00
The Simpsons Ride,40,11:50:00
The Simpsons Ride,40,11:55:00
The Simpsons Ride,40,12:00:00
The Simpsons Ride,40,12:05:00
The Simpsons Ride,30,12:10:00
The Simpsons Ride,30,12:15:00
The Simpsons Ride,25,12:20:00
The Simpsons Ride,25,12:25:00
The Simpsons Ride,15,12:30:00
The Simpsons Ride,15,12:35:00
The Simpsons Ride,15,12:40:00
The Simpsons Ride,15,12:45:00
The Simpsons Ride,15,12:50:00
The Simpsons Ride,15,12:55:00
The Simpsons Ride,15,13:00:00
The Simpsons Ride,15,13:05:00
The Simpsons Ride,15,13:10:00
The Simpsons Ride,35,13:15:00
The Simpsons Ride,40,13:20:00
The Simpsons Ride,40,13:25:00
The Simpsons Ride,40,13:30:00
The Simpsons Ride,20,13:35:00
The Simpsons Ride,20,13:40:00
The Simpsons Ride,20,13:45:00
The Simpsons Ride,20,13:50:00
The Simpsons Ride,20,13:55:00
The Simpsons Ride,20,14:00:00
The Simpsons Ride,20,14:05:00
The Simpsons Ride,20,14:10:00
The Simpsons Ride,20,14:15:00
The Simpsons Ride,20,14:20:00
The Simpsons Ride,20,14:25:00
The Simpsons Ride,15,14:30:00
The Simpsons Ride,15,14:35:00
The Simpsons Ride,15,14:40:00
The Simpsons Ride,15,14:45:00
The Simpsons Ride,15,14:50:00
The Simpsons Ride,15,14:55:00
The Simpsons Ride,20,15:00:00
The Simpsons Ride,20,15:05:00
The Simpsons Ride,20,15:10:00
The Simpsons Ride,20,15:15:00
The Simpsons Ride,20,15:20:00
The Simpsons Ride,20,15:25:00
The Simpsons Ride,20,15:30:00
The Simpsons Ride,20,15:35:00
The Simpsons Ride,25,15:40:00
The Simpsons Ride,25,15:45:00
The Simpsons Ride,25,15:50:00
The Simpsons Ride,25,15:55:00
The Simpsons Ride,25,16:00:00
The Simpsons Ride,25,16:05:00
The Simpsons Ride,25,16:10:00
The Simpsons Ride,25,16:15:00
The Simpsons Ride,35,16:20:00
The Simpsons Ride,35,16:25:00
The Simpsons Ride,35,16:30:00
The Simpsons Ride,35,16:35:00
The Simpsons Ride,35,16:40:00
The Simpsons Ride,35,16:45:00
The Simpsons Ride,35,16:50:00
The Simpsons Ride,25,16:55:00
The Simpsons Ride,25,17:00:00
The Simpsons Ride,25,17:05:00
The Simpsons Ride,25,17:10:00
The Simpsons Ride,25,17:15:00
The Simpsons Ride,25,17:20:00
The Simpsons Ride,20,17:25:00
The Simpsons Ride,20,17:30:00
The Simpsons Ride,20,17:35:00
The Simpsons Ride,20,17:40:00
The Simpsons Ride,20,17:45:00
The Simpsons Ride,20,17:50:00
The Simpsons Ride,20,17:55:00
The Simpsons Ride,20,18:00:00
The Simpsons Ride,20,18:05:00
The Simpsons Ride,20,18:10:00
The Simpsons Ride,20,18:15:00
The Simpsons Ride,20,18:20:00
The Simpsons Ride,20,18:25:00
The Simpsons Ride,20,18:30:00
The Simpsons Ride,15,18:35:00
The Simpsons Ride,15,18:40:00
The Simpsons Ride,15,18:45:00
The Simpsons Ride,15,18:50:00
The Simpsons Ride,15,18:55:00
The Simpsons Ride,15,19:00:00
The Simpsons Ride,15,19:05:00
The Simpsons Ride,25,19:10:00
The Simpsons Ride,25,19:15:00
The Simpsons Ride,25,19:20:00
The Simpsons Ride,25,19:25:00
The Simpsons Ride,25,19:30:00
The Simpsons Ride,25,19:35:00
The Simpsons Ride,25,19:40:00
The Simpsons Ride,25,19:45:00
The Simpsons Ride,25,19:50:00
The Simpsons Ride,25,19:55:00
The Simpsons Ride,25,20:00:00
The Simpsons Ride,25,20:05:00
The Simpsons Ride,25,20:10:00
The Simpsons Ride,25,20:15:00
The Simpsons Ride,25,20:20:00
The Simpsons Ride,25,20:25:00
The Simpsons Ride,20,20:30:00
The Simpsons Ride,20,20:35:00
The Simpsons Ride,20,20:40:00
The Simpsons Ride,20,20:45:00
The Simpsons Ride,20,20:50:00
The Simpsons Ride,20,20:55:00
Fast & Furious - Supercharged,10,09:10:00
Fast & Furious - Supercharged,10,09:15:00
Fast & Furious - Supercharged,10,09:20:00
Fast & Furious - Supercharged,10,09:25:00
Fast & Furious - Supercharged,10,09:30:00
Fast & Furious - Supercharged,10,09:35:00
Fast & Furious - Supercharged,10,09:40:00
Fast & Furious - Supercharged,10,09:45:00
Fast & Furious - Supercharged,10,09:50:00
Fast & Furious - Supercharged,10,09:55:00
Fast & Furious - Supercharged,10,10:00:00
Fast & Furious - Supercharged,10,10:05:00
Fast & Furious - Supercharged,10,10:10:00
Fast & Furious - Supercharged,10,10:15:00
Fast & Furious - Supercharged,10,10:20:00
Fast & Furious - Supercharged,10,10:25:00
Fast & Furious - Supercharged,10,10:30:00
Fast & Furious - Supercharged,10,10:35:00
Fast & Furious - Supercharged,10,10:40:00
Fast & Furious - Supercharged,10,10:45:00
Fast & Furious - Supercharged,10,10:50:00
Fast & Furious - Supercharged,10,10:55:00
Fast & Furious - Supercharged,10,11:00:00
Fast & Furious - Supercharged,10,11:05:00
Fast & Furious - Supercharged,15,11:10:00
Fast & Furious - Supercharged,15,11:15:00
Fast & Furious - Supercharged,15,11:20:00
Fast & Furious - Supercharged,15,11:25:00
Fast & Furious - Supercharged,25,11:30:00
Fast & Furious - Supercharged,15,11:35:00
Fast & Furious - Supercharged,15,11:40:00
Fast & Furious - Supercharged,15,11:45:00
Fast & Furious - Supercharged,15,11:50:00
Fast & Furious - Supercharged,25,11:55:00
Fast & Furious - Supercharged,25,12:00:00
Fast & Furious - Supercharged,25,12:05:00
Fast & Furious - Supercharged,15,12:10:00
Fast & Furious - Supercharged,15,12:15:00
Fast & Furious - Supercharged,35,12:20:00
Fast & Furious - Supercharged,40,12:25:00
Fast & Furious - Supercharged,10,13:00:00
Fast & Furious - Supercharged,10,13:05:00
Fast & Furious - Supercharged,20,13:10:00
Fast & Furious - Supercharged,20,13:15:00
Fast & Furious - Supercharged,20,13:20:00
Fast & Furious - Supercharged,20,13:25:00
Fast & Furious - Supercharged,30,13:30:00
Fast & Furious - Supercharged,30,13:35:00
Fast & Furious - Supercharged,30,13:40:00
Fast & Furious - Supercharged,30,13:45:00
Fast & Furious - Supercharged,50,13:50:00
Fast & Furious - Supercharged,50,13:55:00
Fast & Furious - Supercharged,65,14:00:00
Fast & Furious - Supercharged,65,14:05:00
Fast & Furious - Supercharged,65,14:10:00
Fast & Furious - Supercharged,75,14:25:00
Fast & Furious - Supercharged,75,14:30:00
Fast & Furious - Supercharged,15,15:40:00
Fast & Furious - Supercharged,15,15:45:00
Fast & Furious - Supercharged,15,15:50:00
Fast & Furious - Supercharged,30,15:55:00
Fast & Furious - Supercharged,40,16:00:00
Fast & Furious - Supercharged,40,16:05:00
Fast & Furious - Supercharged,40,16:10:00
Fast & Furious - Supercharged,50,16:15:00
Fast & Furious - Supercharged,90,16:20:00
Fast & Furious - Supercharged,90,16:25:00
Fast & Furious - Supercharged,90,16:30:00
Fast & Furious - Supercharged,90,16:35:00
Fast & Furious - Supercharged,90,16:40:00
Fast & Furious - Supercharged,90,16:45:00
Fast & Furious - Supercharged,90,16:50:00
Fast & Furious - Supercharged,90,16:55:00
Fast & Furious - Supercharged,70,17:00:00
Fast & Furious - Supercharged,70,17:05:00
Fast & Furious - Supercharged,55,17:10:00
Fast & Furious - Supercharged,55,17:15:00
Fast & Furious - Supercharged,35,17:20:00
Fast & Furious - Supercharged,35,17:25:00
Fast & Furious - Supercharged,45,17:30:00
Fast & Furious - Supercharged,45,17:35:00
Fast & Furious - Supercharged,45,17:40:00
Fast & Furious - Supercharged,45,17:45:00
Fast & Furious - Supercharged,45,17:50:00
Fast & Furious - Supercharged,45,17:55:00
Fast & Furious - Supercharged,45,18:00:00
Fast & Furious - Supercharged,45,18:05:00
Fast & Furious - Supercharged,45,18:10:00
Fast & Furious - Supercharged,45,18:15:00
Fast & Furious - Supercharged,45,18:20:00
Fast & Furious - Supercharged,35,18:25:00
Fast & Furious - Supercharged,40,18:30:00
Fast & Furious - Supercharged,40,18:35:00
Fast & Furious - Supercharged,40,18:40:00
Fast & Furious - Supercharged,40,18:45:00
Fast & Furious - Supercharged,40,18:50:00
Fast & Furious - Supercharged,40,18:55:00
Fast & Furious - Supercharged,30,19:00:00
Fast & Furious - Supercharged,25,19:05:00
Fast & Furious - Supercharged,25,19:10:00
Fast & Furious - Supercharged,25,19:15:00
Fast & Furious - Supercharged,25,19:20:00
Fast & Furious - Supercharged,25,19:25:00
Fast & Furious - Supercharged,25,19:30:00
Fast & Furious - Supercharged,25,19:35:00
Fast & Furious - Supercharged,25,19:40:00
Fast & Furious - Supercharged,25,19:45:00
Fast & Furious - Supercharged,25,19:50:00
Fast & Furious - Supercharged,25,19:55:00
Fast & Furious - Supercharged,25,20:00:00
Fast & Furious - Supercharged,25,20:05:00
Fast & Furious - Supercharged,25,20:10:00
Fast & Furious - Supercharged,15,20:15:00
Fast & Furious - Supercharged,15,20:20:00
Fast & Furious - Supercharged,15,20:25:00
Fast & Furious - Supercharged,15,20:30:00
Fast & Furious - Supercharged,15,20:35:00
Fast & Furious - Supercharged,15,20:40:00
Fast & Furious - Supercharged,15,20:45:00
Fast & Furious - Supercharged,15,20:50:00
Fast & Furious - Supercharged,15,20:55:00
Hogwarts Express - King's Cross Station,10,09:00:00
Hogwarts Express - King's Cross Station,10,09:05:00
Hogwarts Express - King's Cross Station,10,09:10:00
Hogwarts Express - King's Cross Station,10,09:15:00
Hogwarts Express - King's Cross Station,10,09:20:00
Hogwarts Express - King's Cross Station,10,09:25:00
Hogwarts Express - King's Cross Station,10,09:30:00
Hogwarts Express - King's Cross Station,10,09:35:00
Hogwarts Express - King's Cross Station,10,09:40:00
Hogwarts Express - King's Cross Station,10,09:45:00
Hogwarts Express - King's Cross Station,10,09:50:00
Hogwarts Express - King's Cross Station,10,09:55:00
Hogwarts Express - King's Cross Station,10,10:00:00
Hogwarts Express - King's Cross Station,10,10:05:00
Hogwarts Express - King's Cross Station,10,10:10:00
Hogwarts Express - King's Cross Station,10,10:15:00
Hogwarts Express - King's Cross Station,10,10:20:00
Hogwarts Express - King's Cross Station,10,10:25:00
Hogwarts Express - King's Cross Station,10,10:30:00
Hogwarts Express - King's Cross Station,10,10:35:00
Hogwarts Express - King's Cross Station,10,10:40:00
Hogwarts Express - King's Cross Station,10,10:45:00
Hogwarts Express - King's Cross Station,10,10:50:00
Hogwarts Express - King's Cross Station,10,10:55:00
Hogwarts Express - King's Cross Station,10,11:00:00
Hogwarts Express - King's Cross Station,10,11:05:00
Hogwarts Express - King's Cross Station,10,11:10:00
Hogwarts Express - King's Cross Station,10,11:15:00
Hogwarts Express - King's Cross Station,10,11:20:00
Hogwarts Express - King's Cross Station,10,11:25:00
Hogwarts Express - King's Cross Station,10,11:30:00
Hogwarts Express - King's Cross Station,10,11:35:00
Hogwarts Express - King's Cross Station,10,11:40:00
Hogwarts Express - King's Cross Station,10,11:45:00
Hogwarts Express - King's Cross Station,10,11:50:00
Hogwarts Express - King's Cross Station,10,11:55:00
Hogwarts Express - King's Cross Station,10,12:00:00
Hogwarts Express - King's Cross Station,10,12:05:00
Hogwarts Express - King's Cross Station,10,12:10:00
Hogwarts Express - King's Cross Station,10,12:15:00
Hogwarts Express - King's Cross Station,10,12:20:00
Hogwarts Express - King's Cross Station,10,12:25:00
Hogwarts Express - King's Cross Station,15,12:30:00
Hogwarts Express - King's Cross Station,15,12:35:00
Hogwarts Express - King's Cross Station,15,12:40:00
Hogwarts Express - King's Cross Station,15,12:45:00
Hogwarts Express - King's Cross Station,15,12:50:00
Hogwarts Express - King's Cross Station,15,12:55:00
Hogwarts Express - King's Cross Station,15,13:00:00
Hogwarts Express - King's Cross Station,15,13:05:00
Hogwarts Express - King's Cross Station,15,13:10:00
Hogwarts Express - King's Cross Station,35,13:15:00
Hogwarts Express - King's Cross Station,35,13:20:00
Hogwarts Express - King's Cross Station,35,13:25:00
Hogwarts Express - King's Cross Station,35,13:30:00
Hogwarts Express - King's Cross Station,35,13:35:00
Hogwarts Express - King's Cross Station,35,13:40:00
Hogwarts Express - King's Cross Station,45,13:45:00
Hogwarts Express - King's Cross Station,45,13:50:00
Hogwarts Express - King's Cross Station,55,13:55:00
Hogwarts Express - King's Cross Station,55,14:00:00
Hogwarts Express - King's Cross Station,55,14:05:00
Hogwarts Express - King's Cross Station,55,14:10:00
Hogwarts Express - King's Cross Station,55,14:15:00
Hogwarts Express - King's Cross Station,55,14:20:00
Hogwarts Express - King's Cross Station,40,14:25:00
Hogwarts Express - King's Cross Station,40,14:30:00
Hogwarts Express - King's Cross Station,40,14:35:00
Hogwarts Express - King's Cross Station,40,14:40:00
Hogwarts Express - King's Cross Station,40,14:45:00
Hogwarts Express - King's Cross Station,40,14:50:00
Hogwarts Express - King's Cross Station,40,14:55:00
Hogwarts Express - King's Cross Station,40,15:00:00
Hogwarts Express - King's Cross Station,40,15:05:00
Hogwarts Express - King's Cross Station,45,15:10:00
Hogwarts Express - King's Cross Station,55,15:15:00
Hogwarts Express - King's Cross Station,55,15:20:00
Hogwarts Express - King's Cross Station,70,15:25:00
Hogwarts Express - King's Cross Station,75,15:30:00
Hogwarts Express - King's Cross Station,75,15:35:00
Hogwarts Express - King's Cross Station,75,15:40:00
Hogwarts Express - King's Cross Station,75,15:45:00
Hogwarts Express - King's Cross Station,60,15:50:00
Hogwarts Express - King's Cross Station,50,15:55:00
Hogwarts Express - King's Cross Station,45,16:00:00
Hogwarts Express - King's Cross Station,45,16:05:00
Hogwarts Express - King's Cross Station,35,16:10:00
Hogwarts Express - King's Cross Station,35,16:15:00
Hogwarts Express - King's Cross Station,35,16:20:00
Hogwarts Express - King's Cross Station,35,16:25:00
Hogwarts Express - King's Cross Station,35,16:30:00
Hogwarts Express - King's Cross Station,35,16:35:00
Hogwarts Express - King's Cross Station,35,16:40:00
Hogwarts Express - King's Cross Station,35,16:45:00
Hogwarts Express - King's Cross Station,35,16:50:00
Hogwarts Express - King's Cross Station,35,16:55:00
Hogwarts Express - King's Cross Station,45,17:00:00
Hogwarts Express - King's Cross Station,45,17:05:00
Hogwarts Express - King's Cross Station,45,17:10:00
Hogwarts Express - King's Cross Station,45,17:15:00
Hogwarts Express - King's Cross Station,55,17:20:00
Hogwarts Express - King's Cross Station,65,17:25:00
Hogwarts Express - King's Cross Station,65,17:30:00
Hogwarts Express - King's Cross Station,65,17:35:00
Hogwarts Express - King's Cross Station,65,17:40:00
Hogwarts Express - King's Cross Station,55,17:45:00
Hogwarts Express - King's Cross Station,55,17:50:00
Hogwarts Express - King's Cross Station,55,17:55:00
Hogwarts Express - King's Cross Station,55,18:00:00
Hogwarts Express - King's Cross Station,55,18:05:00
Hogwarts Express - King's Cross Station,55,18:10:00
Hogwarts Express - King's Cross Station,55,18:15:00
Hogwarts Express - King's Cross Station,55,18:20:00
Hogwarts Express - King's Cross Station,55,18:25:00
Hogwarts Express - King's Cross Station,55,18:30:00
Hogwarts Express - King's Cross Station,55,18:35:00
Hogwarts Express - King's Cross Station,55,18:40:00
Hogwarts Express - King's Cross Station,55,18:45:00
Hogwarts Express - King's Cross Station,55,18:50:00
Hogwarts Express - King's Cross Station,45,18:55:00
Hogwarts Express - King's Cross Station,45,19:00:00
Hogwarts Express - King's Cross Station,45,19:05:00
Hogwarts Express - King's Cross Station,35,19:10:00
Hogwarts Express - King's Cross Station,35,19:15:00
Hogwarts Express - King's Cross Station,25,19:20:00
Hogwarts Express - King's Cross Station,35,19:25:00
Hogwarts Express - King's Cross Station,35,19:30:00
Hogwarts Express - King's Cross Station,35,19:35:00
Hogwarts Express - King's Cross Station,35,19:40:00
Hogwarts Express - King's Cross Station,35,19:45:00
Hogwarts Express - King's Cross Station,35,19:50:00
Hogwarts Express - King's Cross Station,35,19:55:00
Hogwarts Express - King's Cross Station,35,20:00:00
Hogwarts Express - King's Cross Station,35,20:05:00
Hogwarts Express - King's Cross Station,35,20:10:00
Hogwarts Express - King's Cross Station,35,20:15:00
Hogwarts Express - King's Cross Station,35,20:20:00
Hogwarts Express - King's Cross Station,25,20:25:00
Hogwarts Express - King's Cross Station,25,20:30:00
Hogwarts Express - King's Cross Station,20,20:35:00
Hogwarts Express - King's Cross Station,20,20:40:00
Hogwarts Express - King's Cross Station,20,20:45:00
Hogwarts Express - King's Cross Station,15,20:50:00
Hogwarts Express - King's Cross Station,10,20:55:00
